Business Name,Industry,Category,City,Country,Website,Email,Email Confidence,WhatsApp,WhatsApp Confidence,Phone,Address,Social URL,Lead Score,Source,Source URL,Discovered At
Lahore Restaurant,restaurant,restaurant,Lahore,Pakistan,https://www.lahorerestaurantbcn.com,john@doe.com,85,+34661456430,85,+34933825484,,https://www.facebook.com/LHRRSTNT,90,Web Search,https://www.lahorerestaurantbcn.com,2026-09-10T18:53:35.238Z
Contact Al Khan Restaurant | Reservations & Enquiries,restaurant,restaurant,Lahore,Pakistan,https://alkhan.com.pk,info@alkhangroup.org,85,,,+923481118811,,https://www.instagram.com/alkhanpk/?hl=en,75,Web Search,https://alkhan.com.pk,2026-09-10T18:53:00.434Z
Restaurants & Dining,restaurant,restaurant,Lahore,Pakistan,https://www.pchotels.com,hotelone.gt@hotelone.com.pk,85,+92514443334,60,,,https://www.facebook.com/pearl.continental.hotels,70,Web Search,https://www.pchotels.com/contact-us,2026-09-10T18:53:33.935Z
Contact Us,restaurant,restaurant,Lahore,Pakistan,http://www.shezanrestaurants.com,info@shezanresturants.com,85,,,+9242965257585,,,70,Web Search,http://www.shezanrestaurants.com,2026-09-10T18:52:57.674Z
Contact,restaurant,restaurant,Lahore,Pakistan,https://www.haveli.com.pk,info@haveli.com.pk,85,,,+923008414899,,,70,Web Search,https://www.haveli.com.pk,2026-09-10T18:52:56.428Z
Contact UAE.dentist — Get matched with a dentist,dentist,dentist,,United Arab Emirates,https://uae.dentist,hello@uae.dentist,85,,,+971917010650063,,,65,Web Search,https://uae.dentist,2026-09-10T19:01:08.868Z
Contact Smile USA Middle East,dentist,dentist,,United Arab Emirates,https://www.smileusa.com,courses@smileusa.com,85,,,+971503235913,,,65,Web Search,https://www.smileusa.com,2026-09-10T19:00:23.247Z
Contact AMDC,dentist,dentist,,United Arab Emirates,https://americanmdcenter.com,info@americanmdcenter.com,85,,,+971529850963,,,65,Web Search,https://americanmdcenter.com,2026-09-10T19:00:20.549Z
Contact Us,dentist,dentist,,United Arab Emirates,https://dentexp.com,info@dentexp.com,85,,,+97126810060,,,65,Web Search,https://dentexp.com,2026-09-10T19:00:09.219Z
Software Development Company Karachi- Pakistan,software company,software company,Karachi,Pakistan,https://zaavia.net,info@zaavia.net,85,,,+923347262232,,,65,Web Search,https://zaavia.net,2026-09-10T18:57:59.660Z
"Top 10 Software Development Companies in Karachi, Pakistan",software company,software company,Karachi,Pakistan,https://www.ictsystems.com.pk,info@ictsystems.com.pk,85,,,+922134303822,,,65,Web Search,https://www.ictsystems.com.pk,2026-09-10T18:57:57.696Z
Contact,software company,software company,Karachi,Pakistan,https://www.anomoz.com,hello@anomoz.com,85,+923362286024,50,+12152617413,,,65,Web Search,https://www.anomoz.com,2026-09-10T18:57:52.108Z
Andaaz Restaurant Lahore | Rooftop Pakistani Fine Dining,restaurant,restaurant,Lahore,Pakistan,https://andaazrestaurant.com,,,+923000263229,90,+923000263229,,https://www.instagram.com/andaazrestaurantlahore/,55,Web Search,https://andaazrestaurant.com,2026-09-10T18:53:34.277Z
Best Dentist Dental Clinic in Dubai - UAE,dentist,dentist,,United Arab Emirates,https://uaedentalcenter.com/contact-us,,,,,+971542231344,,,30,Web Search,https://uaedentalcenter.com/contact-us,2026-09-10T19:01:13.321Z
Perfect Smile Dental Centre: Dental Clinic in Abu Dhabi,dentist,dentist,,United Arab Emirates,https://www.perfectsmiledental.ae,,,,,+97126334660,,,30,Web Search,https://www.perfectsmiledental.ae,2026-09-10T19:01:11.462Z
MALABAR DENTAL CLINIC,dentist,dentist,,United Arab Emirates,https://malabardentalclinics.com,,,,,+971521514300,,,30,Web Search,https://malabardentalclinics.com,2026-09-10T19:01:10.436Z
Precision Dental Clinic - Dubai: Dentist Dubai UAE - Family Dental,dentist,dentist,,United Arab Emirates,https://www.precisiondental.ae,,,,,+97142756731,,,30,Web Search,https://www.precisiondental.ae,2026-09-10T19:01:10.064Z
Al Bahri Dental: Dentists In Abu Dhabi,dentist,dentist,,United Arab Emirates,https://albahridental.com,,,+971563431856,50,+97137643273,,,30,Web Search,https://albahridental.com,2026-09-10T19:00:20.118Z
Restaurants in Pakistan,restaurant,restaurant,Lahore,Pakistan,https://mofa.gov.pk,,,,,+923335696242,,,30,Web Search,https://mofa.gov.pk,2026-09-10T18:53:30.569Z
General Dentistry,dentist,dentist,,United Arab Emirates,https://www.ehs.gov.ae,,,,,,,,25,Web Search,https://www.ehs.gov.ae,2026-09-10T19:01:10.251Z
Book Dental Consultations Online in UAE - myAster,dentist,dentist,,United Arab Emirates,https://www.myaster.com/en/doctor-consultation/s/dentistry?srsltid=AfmBOoo2mIKMp0Ecex3T6LFIA-nyO065p-lNNNw4S671LRKyKY6slM9L,,,,,,,,25,Web Search,https://www.myaster.com/en/doctor-consultation/s/dentistry?srsltid=AfmBOoo2mIKMp0Ecex3T6LFIA-nyO065p-lNNNw4S671LRKyKY6slM9L,2026-09-10T19:01:10.148Z
"Complete Guide to Getting a Dental License in UAE (DOH,",dentist,dentist,,United Arab Emirates,https://www.ozident.com,,,,,,,,25,Web Search,https://www.ozident.com,2026-09-10T19:01:08.955Z
Dubai Dental Hospital,dentist,dentist,,United Arab Emirates,https://dubaihealth.ae,,,,,,,,25,Web Search,https://dubaihealth.ae,2026-09-10T19:01:08.820Z
"Dental Nation: Dental Clinic in Dubai, UAE",dentist,dentist,,United Arab Emirates,https://www.dentalnation.com,,,,,,,,25,Web Search,https://www.dentalnation.com,2026-09-10T19:00:57.876Z
Dubai-ae,dentist,dentist,,United Arab Emirates,https://services.dha.gov.ae,,,,,,,,25,Web Search,https://services.dha.gov.ae,2026-09-10T19:00:24.567Z
Dentist in Abu Dhabi - Mediclinic Airport Road Hospital,dentist,dentist,,United Arab Emirates,https://www.mediclinic.ae,,,,,,,,25,Web Search,https://www.mediclinic.ae,2026-09-10T19:00:20.340Z